<?xml version="1.0" encoding="UTF-8"?>
<!--  films.xml -->
<films>
   <year value="1920" number_films="1"/>
   <year value="1921" number_films="1"/>
   <year value="1922" number_films="1"/>
   <year value="1925" number_films="1"/>
   <year value="1927" number_films="3"/>
   <year value="1930" number_films="1"/>
   <year value="1931" number_films="3"/>
   <year value="1933" number_films="2"/>
   <year value="1934" number_films="1"/>
   <year value="1935" number_films="1"/>
   <year value="1936" number_films="1"/>
   <year value="1938" number_films="3"/>
   <year value="1939" number_films="3"/>
   <year value="1940" number_films="5"/>
   <year value="1941" number_films="2"/>
   <year value="1942" number_films="1"/>
   <year value="1943" number_films="2"/>
   <year value="1944" number_films="3"/>
   <year value="1945" number_films="2"/>
   <year value="1946" number_films="5"/>
   <year value="1948" number_films="3"/>
   <year value="1949" number_films="2"/>
   <year value="1950" number_films="4"/>
   <year value="1951" number_films="5"/>
   <year value="1952" number_films="3"/>
   <year value="1953" number_films="3"/>
   <year value="1954" number_films="5"/>
   <year value="1955" number_films="2"/>
   <year value="1956" number_films="1"/>
   <year value="1957" number_films="8"/>
   <year value="1958" number_films="2"/>
   <year value="1959" number_films="4"/>
   <year value="1960" number_films="3"/>
   <year value="1961" number_films="3"/>
   <year value="1962" number_films="4"/>
   <year value="1963" number_films="2"/>
   <year value="1964" number_films="1"/>
   <year value="1965" number_films="1"/>
   <year value="1966" number_films="3"/>
   <year value="1967" number_films="4"/>
   <year value="1968" number_films="4"/>
   <year value="1969" number_films="2"/>
   <year value="1970" number_films="1"/>
   <year value="1971" number_films="2"/>
   <year value="1972" number_films="2"/>
   <year value="1973" number_films="2"/>
   <year value="1974" number_films="4"/>
   <year value="1975" number_films="4"/>
   <year value="1976" number_films="3"/>
   <year value="1977" number_films="2"/>
   <year value="1978" number_films="1"/>
   <year value="1979" number_films="4"/>
   <year value="1980" number_films="4"/>
   <year value="1981" number_films="2"/>
   <year value="1982" number_films="3"/>
   <year value="1983" number_films="2"/>
   <year value="1984" number_films="3"/>
   <year value="1985" number_films="2"/>
   <year value="1986" number_films="3"/>
   <year value="1987" number_films="2"/>
   <year value="1988" number_films="4"/>
   <year value="1989" number_films="2"/>
   <year value="1990" number_films="1"/>
   <year value="1991" number_films="2"/>
   <year value="1992" number_films="2"/>
   <year value="1993" number_films="3"/>
   <year value="1994" number_films="7"/>
   <year value="1995" number_films="7"/>
   <year value="1996" number_films="2"/>
   <year value="1997" number_films="3"/>
   <year value="1998" number_films="4"/>
   <year value="1999" number_films="6"/>
   <year value="2000" number_films="6"/>
   <year value="2001" number_films="4"/>
   <year value="2002" number_films="4"/>
   <year value="2003" number_films="7"/>
   <year value="2004" number_films="8"/>
   <year value="2005" number_films="3"/>
   <year value="2006" number_films="8"/>
   <year value="2007" number_films="6"/>
   <year value="2008" number_films="4"/>
</films>